{
  "results": {
    "Logistic Regression": {
      "accuracy": 0.8631284916201117,
      "f1": 0.7860262008733624,
      "precision": 0.8411214953271028,
      "recall": 0.7377049180327869,
      "auc": 0.8328355098638511,
      "tn": 219,
      "fp": 17,
      "fn": 32,
      "tp": 90
    },
    "Decision Tree": {
      "accuracy": 0.776536312849162,
      "f1": 0.6521739130434782,
      "precision": 0.6944444444444444,
      "recall": 0.6147540983606558,
      "auc": 0.7374617949430397,
      "tn": 203,
      "fp": 33,
      "fn": 47,
      "tp": 75
    },
    "Random Forest": {
      "accuracy": 0.8184357541899442,
      "f1": 0.7161572052401747,
      "precision": 0.7663551401869159,
      "recall": 0.6721311475409836,
      "auc": 0.7830994720755766,
      "tn": 211,
      "fp": 25,
      "fn": 40,
      "tp": 82
    }
  },
  "rf_importance": [
    0.07350086523767285,
    0.02449193483809441,
    0.02481024517772461,
    0.002965237139859815,
    0.12485241364812708,
    0.10725217125007265,
    0.22002303991987296,
    0.013388008162636977,
    0.1786564404184099,
    0.04309320781505581,
    0.004473524422140111,
    0.049776583962059376,
    0.03276836244040745,
    0.010676460487608666,
    0.008703907394566382,
    0.004685313843091604,
    0.005220441710895531,
    0.0019216488850233142,
    0.0004856612917578457,
    0.00019628188486649377,
    0.0039998894777739545,
    0.0012210041538805343,
    0.0,
    0.0010845927730393087,
    0.0017364307638607732,
    0.001400353321988523,
    0.003207642977788392,
    0.0033369788988169627,
    0.0009298115189923159,
    0.001512450770331591,
    0.003766578123675849,
    0.0019005763900467594,
    0.0009609852818439925,
    0.0015205529066693439,
    0.0032930941930213718,
    0.0031026400251153432,
    0.001472652355853621,
    0.0011288638034794329,
    0.0008072591937727632,
    0.001894315142832704,
    0.008548146160176393,
    0.0015054710990267666,
    0.0009393733564699898,
    0.0022993500373021795,
    0.007703745007515421,
    0.0040311860713850445,
    0.002715637466788548,
    0.0007810372718902587,
    0.0012576315267180753
  ],
  "rf_feature_names": [
    "tenure",
    "MonthlyCharges",
    "TotalCharges",
    "SeniorCitizen",
    "SatisfactionScore",
    "SupportCallsLast6Months",
    "Data_Usage_Drop_Rate",
    "Call_Drop_Rate",
    "Slow_Speed_Days",
    "Unresolved_Complaints",
    "Contract=One year",
    "Contract=Month-to-month",
    "InternetService=Fiber optic",
    "InternetService=No",
    "OnlineSecurity=No",
    "OnlineSecurity=No internet service",
    "TechSupport=No",
    "TechSupport=No internet service",
    "PaperlessBilling=Yes",
    "PaymentMethod=Credit card",
    "PaymentMethod=Mailed check",
    "PaymentMethod=Bank transfer",
    "Partner=No",
    "Dependents=No",
    "PhoneService=Yes",
    "MultipleLines=No",
    "MultipleLines=Yes",
    "OnlineBackup=No",
    "OnlineBackup=No internet service",
    "DeviceProtection=No",
    "DeviceProtection=No internet service",
    "StreamingTV=No",
    "StreamingTV=No internet service",
    "StreamingMovies=No",
    "StreamingMovies=No internet service"
  ]
}